,City,Country,Lat,Lng,Cloudiness,Humidity,High Temp,Wind Speed
0,George Town,MY,5.41,100.34,20,94,78.8,5.82
1,Whitehorse,CA,60.72,-135.05,90,92,26.6,8.05
2,Ossora,RU,59.24,163.07,100,66,2.26,20.36
3,Hong Kong,HK,22.29,114.16,40,68,64.99,8.05
4,Pangai,TO,-19.8,-174.35,100,82,80.91,18.21
5,Ushuaia,AR,-54.8,-68.3,40,62,55.4,21.92
6,Saint-Philippe,RE,-21.36,55.77,75,83,80.6,12.75
7,Beringovskiy,RU,63.05,179.32,0,91,-15.2,2.28
8,Talnakh,RU,69.49,88.4,40,75,-18.4,2.24
9,Port Elizabeth,ZA,-33.92,25.57,0,64,75.2,16.11
10,Rikitea,PF,-23.12,-134.97,0,78,78.76,12.24
11,Alghero,IT,40.56,8.32,75,82,60.8,11.41
12,Khatanga,RU,71.97,102.5,81,98,-22.05,7.23
13,Mataura,NZ,-46.19,168.86,0,86,54.0,17.0
14,Bengkulu,ID,-3.8,102.27,74,88,74.75,3.04
15,Chupa,RU,66.27,33.05,100,97,34.66,14.85
16,Cigand,HU,48.26,21.89,90,93,39.99,11.18
17,Kaitangata,NZ,-46.28,169.85,0,70,53.01,1.01
18,Busselton,AU,-33.65,115.33,1,25,66.99,19.06
19,Namatanai,PG,-3.67,152.43,100,71,83.93,8.72
20,Punta Arenas,CL,-53.15,-70.92,75,44,59.0,14.99
21,Avarua,CK,-21.21,-159.78,100,88,80.6,12.75
22,Hermanus,ZA,-34.42,19.23,0,68,86.0,13.0
23,Hilo,US,19.73,-155.09,75,68,66.2,4.7
24,Mount Isa,AU,-20.73,139.5,49,27,86.0,5.82
25,Cape Town,ZA,-33.93,18.42,20,69,86.0,23.04
26,Barrow,US,71.29,-156.79,1,92,-32.8,11.41
27,Upernavik,GL,72.79,-56.15,100,95,-1.66,3.4
28,Arraial do Cabo,BR,-22.97,-42.03,40,74,84.2,6.93
29,Bredasdorp,ZA,-34.53,20.04,61,65,79.0,14.99
30,Hithadhoo,MV,-0.6,73.08,56,81,82.49,14.74
31,Bluff,NZ,-46.6,168.33,0,86,54.0,17.0
32,Saskylakh,RU,71.92,114.08,100,97,-23.3,4.88
33,Atuona,PF,-9.8,-139.03,20,77,80.51,17.76
34,Albany,US,42.6,-73.97,100,96,37.99,7.16
35,Kahului,US,20.89,-156.47,20,68,66.2,10.29
36,Puerto Ayora,EC,-0.74,-90.35,75,78,82.4,12.75
37,Fortuna,US,40.6,-124.16,1,54,36.0,6.93
38,Capreol,CA,46.71,-80.92,20,85,28.0,5.82
39,Severo-Kuril'sk,RU,50.68,156.12,98,88,19.29,14.81
40,Jamestown,US,42.1,-79.24,90,93,37.4,5.82
41,Ekibastuz,KZ,51.67,75.37,100,98,-2.38,7.72
42,Heihe,CN,50.24,127.49,100,66,14.0,8.95
43,Caarapo,BR,-22.63,-54.82,94,64,87.84,2.21
44,Sabang,ID,5.89,95.32,69,75,83.41,20.27
45,Fergus Falls,US,46.28,-96.08,40,78,23.0,12.75
46,Tuatapere,NZ,-46.13,167.68,0,86,54.0,17.0
47,Raigarh,IN,21.9,83.4,0,59,62.6,1.39
48,Saint-Augustin,CA,51.23,-58.65,100,82,19.13,21.63
49,Yar-Sale,RU,66.83,70.83,90,96,2.25,10.09
50,Hobart,AU,-42.88,147.33,90,82,64.99,5.82
51,Yacuiba,BO,-22.04,-63.68,90,100,73.4,6.93
52,Tuktoyaktuk,CA,69.45,-133.04,90,75,-20.2,5.82
53,Vao,NC,-22.67,167.48,100,84,80.15,24.81
54,Ponta do Sol,PT,32.67,-17.1,40,63,66.2,9.17
55,Walvis Bay,NA,-22.96,14.51,90,77,66.2,10.29
56,La Ronge,CA,55.1,-105.28,90,78,17.6,12.75
57,Antofagasta,CL,-23.65,-70.4,20,68,72.0,12.75
58,Nukus,UZ,42.45,59.61,97,42,30.2,13.87
59,New Norfolk,AU,-42.78,147.06,90,82,64.99,4.7
60,Port Hardy,CA,50.7,-127.42,75,93,37.4,4.7
61,Ahipara,NZ,-35.17,173.17,0,98,55.99,8.66
62,Airai,TL,-8.93,125.41,100,89,67.89,3.53
63,Esperance,AU,-33.87,121.9,90,72,60.8,9.17
64,Maceio,BR,-9.67,-35.74,75,70,86.0,10.29
65,Bac Lieu,VN,9.29,105.72,100,65,79.43,15.03
66,Tezu,IN,27.92,96.17,0,66,57.94,3.62
67,Karligan,PH,14.97,122.05,29,81,73.26,13.98
68,Xichang,CN,27.9,102.26,4,94,33.22,3.78
69,East London,ZA,-33.02,27.91,40,64,75.2,13.87
70,Dzaoudzi,YT,-12.79,45.27,90,83,82.4,11.41
71,Vaini,TO,-21.2,-175.2,20,94,77.0,5.82
72,Mersa Matruh,EG,31.35,27.25,40,54,59.0,11.41
73,Coolum Beach,AU,-26.53,153.1,96,99,71.01,0.63
74,Norden,DE,53.6,7.2,40,70,45.0,21.92
75,Krivosheino,RU,57.34,83.93,6,96,-5.44,6.58
76,Verkhnevilyuysk,RU,63.45,120.32,100,95,4.44,8.03
77,Kodiak,US,57.79,-152.41,75,72,32.0,4.7
78,Tambo,PE,-14.8,-73.92,86,79,54.41,9.22
79,Kavieng,PG,-2.57,150.8,100,78,83.34,14.83
80,Fort Nelson,CA,58.81,-122.7,75,72,17.6,3.36
81,Laguna,US,38.42,-121.42,1,29,55.4,14.99
82,Itarema,BR,-2.92,-39.92,53,70,86.0,9.66
83,Port Alfred,ZA,-33.59,26.89,0,83,71.01,3.0
84,Singaparna,ID,-7.35,108.11,45,86,71.87,2.93
85,Tura,IN,25.52,90.22,0,44,59.92,2.77
86,Banjar,ID,-8.19,114.97,40,94,80.6,3.36
87,Angoche,MZ,-16.23,39.91,2,89,80.76,6.49
88,Rantepao,ID,-2.97,119.9,100,96,68.14,0.96
89,Mahebourg,MU,-20.41,57.7,75,94,77.0,13.87
90,Troitskoye,RU,52.98,84.68,100,95,7.57,3.38
91,Kulhudhuffushi,MV,6.62,73.07,0,81,81.82,13.38
92,Tasiilaq,GL,65.61,-37.64,75,46,28.4,5.82
93,Kapaa,US,22.08,-159.32,90,77,68.0,29.97
94,Qaanaaq,GL,77.48,-69.36,0,61,-5.89,2.39
95,Viedma,AR,-40.81,-63.0,73,28,77.52,14.38
96,Provideniya,RU,64.38,-173.3,0,77,-14.24,4.34
97,Ilulissat,GL,69.22,-51.1,75,71,5.0,6.93
98,San Vicente,AR,-26.62,-54.13,0,99,75.99,5.03
99,Cayenne,GF,4.93,-52.33,45,83,82.4,14.99
100,Khandyga,RU,62.67,135.6,84,78,-10.07,3.51
101,Grindavik,IS,63.84,-22.43,75,69,33.8,27.51
102,Butaritari,KI,3.07,172.79,74,79,83.93,13.06
103,Puerto Escondido,MX,15.85,-97.07,5,88,80.6,3.36
104,Lavrentiya,RU,65.58,-171.0,10,82,-18.71,2.98
105,Soavinandriana,MG,-19.17,46.73,40,78,74.08,4.27
106,Carnarvon,AU,-24.87,113.63,0,94,75.2,10.29
107,Dalvik,IS,65.97,-18.53,90,86,33.8,23.04
108,Constitucion,CL,-35.33,-72.42,0,57,69.87,5.86
109,Onega,RU,63.91,38.14,100,85,33.37,16.62
110,Port Hedland,AU,-20.32,118.57,40,83,80.6,8.05
111,San Rafael,AR,-34.62,-68.33,99,58,70.25,6.49
112,Bambous Virieux,MU,-20.34,57.76,75,94,77.0,13.87
113,Tigil,RU,57.8,158.67,100,79,2.5,10.83
114,Nichinan,JP,31.6,131.37,0,66,50.86,9.78
115,Leningradskiy,RU,69.38,178.42,0,96,-22.94,8.39
116,Hualmay,PE,-11.1,-77.61,17,62,77.23,8.19
117,Tsimmerbude,RU,54.67,20.13,75,87,42.8,22.37
118,Seoul,KR,37.57,126.98,1,74,32.0,1.12
119,Jumla,NP,29.27,82.18,0,57,28.54,4.16
120,Kloulklubed,PW,7.04,134.26,75,78,80.6,11.41
121,Sanquhar,GB,55.37,-3.92,75,93,37.0,20.8
122,The Valley,AI,18.22,-63.06,40,65,84.0,13.87
123,Kailua,US,21.4,-157.74,75,88,68.0,14.99
124,Shevchenkove,UA,49.7,37.17,14,73,23.0,13.42
125,Pandan,PH,14.05,124.17,99,72,76.71,20.83
126,Mar del Plata,AR,-38.0,-57.56,75,59,66.0,2.24
127,Zonguldak,TR,41.25,31.83,0,71,29.84,0.69
128,Rincon,US,32.3,-81.24,1,72,73.0,6.67
129,Tiffin,US,41.11,-83.18,90,93,37.99,6.93
130,Shakiso,ET,5.75,38.92,0,20,83.28,8.19
131,Yellowknife,CA,62.46,-114.35,90,84,0.0,6.93
132,Shulan,CN,44.42,126.95,0,75,13.68,6.73
133,Tiksi,RU,71.69,128.87,37,97,-19.98,3.33
134,Ust-Nera,RU,64.57,143.2,0,91,-34.49,0.78
135,Lorengau,PG,-2.02,147.27,100,79,83.77,16.98
136,San Patricio,MX,19.22,-104.7,5,78,75.2,5.82
137,Port Augusta,AU,-32.5,137.77,0,78,73.4,6.93
138,Lebu,CL,-37.62,-73.65,0,47,73.47,9.42
139,Saldanha,ZA,-33.01,17.94,2,42,82.4,19.46
140,Nanortalik,GL,60.14,-45.24,100,62,21.94,25.97
141,Davenda,RU,53.56,119.32,93,96,7.45,4.29
142,Pontianak,ID,-0.03,109.33,69,95,73.99,1.16
143,Pisco,PE,-13.7,-76.22,63,30,75.0,8.05
144,Lata,PT,40.16,-8.33,20,72,64.99,8.05
145,Kysyl-Syr,RU,63.9,122.76,100,96,-6.03,14.2
146,Takoradze,GH,4.88,-1.76,85,57,88.07,3.74
147,Bethel,US,41.37,-73.41,90,86,46.0,9.17
148,Okato,NZ,-39.2,173.88,31,82,54.0,1.01
149,Sorong,ID,-0.88,131.25,58,92,74.86,3.8
150,Canon City,US,38.44,-105.24,90,92,28.4,3.74
151,Banapur,IN,19.78,85.18,24,65,68.99,2.48
152,Andenes,NO,69.31,16.12,75,80,33.8,3.36
153,Sao Sebastiao,BR,-23.76,-45.41,100,85,73.4,8.41
154,Sitka,US,57.05,-135.33,90,93,42.8,14.99
155,Great Bend,US,38.36,-98.76,1,100,30.99,4.92
156,Santona,ES,43.44,-3.46,75,82,61.0,9.17
157,Araouane,ML,18.9,-3.53,100,8,87.33,17.81
158,Rio Grande,BR,-32.03,-52.1,75,61,78.8,13.87
159,Bayan,CN,46.08,127.4,0,91,3.36,8.43
160,Sihor,IN,21.7,71.97,0,60,73.4,5.82
161,Narsaq,GL,60.92,-46.05,20,47,12.2,5.82
162,Ribeira Grande,PT,38.52,-28.7,75,77,64.4,5.82
163,Oranjestad,AW,12.52,-70.03,40,66,86.0,23.04
164,Along,IN,28.17,94.77,0,83,52.48,2.46
165,Alofi,NU,-19.06,-169.92,52,82,79.74,15.79
166,Saint George,US,37.1,-113.58,1,60,37.99,2.82
167,Gimli,CA,50.63,-96.99,100,94,19.0,3.0
168,Coquimbo,CL,-29.95,-71.34,90,77,64.4,9.17
169,Santa Catalina,PH,9.33,122.86,85,89,72.0,14.16
170,Norman Wells,CA,65.28,-126.83,90,84,5.0,4.72
171,Invermere,CA,50.52,-116.04,76,91,10.99,2.26
172,Clyde River,CA,70.47,-68.59,75,75,-13.0,17.22
173,Arman,RU,59.7,150.17,12,74,0.19,6.24
174,Husavik,IS,66.04,-17.34,90,86,33.8,23.04
175,Okhotsk,RU,59.38,143.3,57,65,-9.47,3.74
176,Alice Springs,AU,-23.7,133.88,44,20,87.8,11.41
177,Dobson,US,36.4,-80.72,90,80,48.99,3.36
178,Yulara,AU,-25.24,130.99,35,58,82.4,1.12
179,Brae,GB,60.4,-1.35,94,93,41.0,17.22
180,Talara,PE,-4.58,-81.27,63,100,62.6,14.99
181,Poroshkovo,UA,48.67,22.75,90,93,42.01,11.18
182,Kumul,CN,42.8,93.45,0,55,19.69,2.1
183,Igarka,RU,67.47,86.58,91,99,-22.49,7.81
184,Cabo San Lucas,MX,22.89,-109.91,75,88,68.0,6.93
185,Olafsvik,IS,64.89,-23.71,100,69,32.45,20.74
186,Vathy,GR,38.4,23.6,20,44,59.0,3.36
187,Beloha,MG,-25.17,45.05,33,51,85.68,12.19
188,Lovington,US,32.94,-103.35,90,86,33.8,10.29
189,Rawson,AR,-43.3,-65.1,0,53,73.33,10.25
190,Juneau,US,58.3,-134.42,90,86,39.2,12.75
191,Den Helder,NL,52.96,4.76,90,70,48.2,23.04
192,Miles City,US,46.41,-105.84,20,73,28.0,16.11
193,Karratha,AU,-20.74,116.85,29,85,79.88,15.97
194,Katobu,ID,-4.94,122.53,100,89,75.45,2.59
195,Cuiluan,CN,47.72,128.65,84,93,5.9,5.7
196,Haines Junction,CA,60.75,-137.51,100,96,15.6,2.19
197,Katsuura,JP,35.13,140.3,20,49,46.4,17.22
198,Thompson,CA,55.74,-97.86,75,84,-2.2,4.7
199,Bulungu,CD,-4.55,18.6,100,91,70.7,3.06
200,Satuk,TR,41.23,32.38,0,79,23.67,3.22
201,Castro,BR,-24.79,-50.01,100,99,61.3,6.17
202,Oriximina,BR,-1.77,-55.87,34,73,83.08,5.93
203,Katherine,AU,-14.47,132.27,100,78,78.8,9.17
204,Palana,RU,59.12,159.97,100,71,1.22,9.08
205,Cienfuegos,CU,22.15,-80.44,20,57,80.6,11.41
206,Tual,ID,-5.67,132.75,100,76,83.01,14.25
207,Nikel,RU,69.41,30.22,90,99,32.0,23.04
208,Toora-Khem,RU,52.47,96.11,80,90,17.85,2.1
209,Broome,US,42.25,-75.83,90,100,39.0,5.82
210,Prainha,BR,-1.8,-53.48,43,59,87.48,6.02
211,Kiama,AU,-34.68,150.87,90,100,71.6,5.7
212,Dikson,RU,73.51,80.55,2,95,-17.36,3.44
213,Kampong Cham,KH,11.99,105.46,35,60,76.32,4.59
214,Samarai,PG,-10.62,150.67,48,87,76.41,3.78
215,Kieta,PG,-6.22,155.63,100,77,80.94,4.41
216,Carutapera,BR,-1.2,-46.02,0,74,82.13,8.7
217,Pyshma,RU,56.95,63.25,89,88,9.9,9.62
218,Tateyama,JP,34.98,139.87,20,49,46.4,17.22
219,Ponta Delgada,PT,37.73,-25.67,20,82,62.6,6.93
220,Peleduy,RU,59.63,112.74,100,92,15.66,4.99
221,Nikolskoye,RU,59.7,30.79,75,86,35.6,13.42
222,Bonfim,BR,3.08,-59.95,3,43,88.43,8.19
223,Hambantota,LK,6.12,81.12,75,78,80.6,6.93
224,Darab,IR,28.75,54.54,22,55,57.07,11.5
225,Golkoy,TR,40.69,37.62,20,81,32.0,5.82
226,Charters Towers,AU,-20.1,146.27,8,87,76.14,4.34
227,New Baltimore,US,42.68,-82.74,90,90,35.01,4.7
228,Quatre Cocos,MU,-20.21,57.76,75,94,77.0,13.87
229,Vaitape,PF,-16.52,-151.75,75,80,82.13,17.43
230,Vanimo,PG,-2.67,141.3,31,80,82.56,20.62
231,Slave Lake,CA,55.28,-114.77,1,58,26.6,5.82
232,Periyapatti,IN,10.75,77.27,20,47,80.6,10.29
233,Antalya,TR,36.77,30.72,0,49,48.2,4.7
234,Taoudenni,ML,22.68,-3.98,98,5,91.02,17.05
235,Flinders,AU,-34.58,150.86,90,100,71.6,5.7
236,Burgeo,CA,47.62,-57.62,100,72,27.9,23.44
237,Nyazepetrovsk,RU,56.05,59.6,100,89,6.94,11.43
238,Kenai,US,60.55,-151.26,1,68,28.4,12.75
239,Micheweni,TZ,-4.97,39.83,0,74,82.8,13.58
240,Meadow Lake,US,34.8,-106.54,90,93,39.99,4.7
241,Hirara,JP,24.8,125.28,58,60,64.38,11.99
242,Safi,MA,32.3,-9.24,0,45,72.75,10.18
243,Jiangyou,CN,31.77,104.72,98,78,39.18,0.45
244,Lebork,PL,54.54,17.75,75,86,45.0,20.8
245,Camden,US,39.78,-74.97,75,70,46.99,24.16
246,Zelenoborskiy,RU,66.84,32.36,100,98,34.66,17.52
247,Garoowe,SO,8.41,48.48,54,17,86.18,3.18
248,Fukuecho,JP,32.69,128.84,90,57,51.8,9.17
249,Morant Bay,JM,17.88,-76.41,40,62,86.0,23.04
250,Ancud,CL,-41.87,-73.82,0,68,68.0,5.82
251,Luderitz,NA,-26.65,15.16,0,57,77.0,26.4
252,Abaza,RU,52.66,90.09,100,95,18.93,3.24
253,Valley,US,45.13,-116.13,40,84,8.6,6.2
254,Saint-Ambroise,CA,48.55,-71.33,90,92,24.01,5.82
255,Mabaruma,GY,8.2,-59.78,0,49,86.56,4.79
256,Mehamn,NO,71.04,27.85,90,86,33.8,11.41
257,Sotnikovo,RU,51.88,107.48,45,84,-2.2,4.47
258,Yarmouth,US,41.71,-70.23,75,75,46.99,18.34
259,Mayo,US,38.89,-76.51,90,93,48.0,11.41
260,College,US,64.86,-147.8,90,77,-0.99,5.82
261,Banda Aceh,ID,5.56,95.32,61,90,74.88,4.85
262,Oranjemund,NA,-28.55,16.43,6,71,70.52,22.86
263,Dukat,RU,62.55,155.55,0,45,-17.32,3.53
264,Newport,GB,51.59,-3.0,97,86,48.0,24.16
265,Benghazi,LY,32.12,20.07,100,59,59.5,12.21
266,Hofn,IS,64.25,-15.21,75,64,35.6,9.17
267,Bathsheba,BB,13.22,-59.52,40,58,84.2,23.04
268,Ugoofaaru,MV,5.67,73.0,15,77,82.51,20.83
269,Mount Gambier,AU,-37.83,140.77,90,93,62.6,13.87
270,Srednekolymsk,RU,67.45,153.68,100,56,-19.66,1.92
271,Noumea,NC,-22.28,166.46,100,94,82.0,1.12
272,Saint-Pierre,RE,-21.34,55.48,75,83,80.6,12.75
273,Skjervoy,NO,70.03,20.97,90,74,33.8,1.12
274,Tautira,PF,-17.73,-149.15,0,83,77.0,2.24
275,Hobyo,SO,5.35,48.53,40,71,77.68,17.09
276,Chui,UY,-33.7,-53.46,83,61,71.28,9.1
277,Peruibe,BR,-24.32,-47.0,100,83,73.74,2.91
278,Souillac,MU,-20.52,57.52,75,94,77.0,13.87
279,Zhigansk,RU,66.77,123.37,100,78,-6.48,5.91
280,Taku,CN,39.02,117.65,0,38,32.0,4.47
281,Serov,RU,59.6,60.58,50,90,12.72,5.79
282,Belyye Berega,RU,53.21,34.66,75,74,30.2,22.37
283,Port Blair,IN,11.67,92.75,10,74,81.12,16.89
284,Port Macquarie,AU,-31.43,152.92,54,100,68.0,11.68
285,Malinovoye Ozero,RU,51.68,79.78,100,95,5.99,5.26
286,Puerto Gaitan,CO,4.31,-72.08,27,34,91.06,15.77
287,Plettenberg Bay,ZA,-34.05,23.37,41,80,71.15,15.28
288,City of San Pedro,PH,14.35,121.02,20,73,77.0,4.7
289,Muros,ES,42.78,-9.06,75,87,61.0,10.29
290,Hasaki,JP,35.73,140.83,20,69,37.99,10.29
291,Harindanga,IN,22.04,88.32,9,63,64.4,6.44
292,Umm Lajj,SA,25.02,37.27,0,46,60.15,18.66
293,Port Lincoln,AU,-34.73,135.87,0,72,70.77,6.8
294,Tikamgarh,IN,24.75,78.83,0,32,59.56,3.56
295,Kamenka,RU,51.32,42.77,25,75,19.99,10.0
296,Palasa,IN,18.77,84.42,77,74,66.47,2.15
297,Cap Malheureux,MU,-19.98,57.61,75,94,77.0,13.87
298,Melipilla,CL,-33.7,-71.22,90,87,80.6,6.93
299,Skibbereen,IE,51.55,-9.27,40,69,39.2,27.51
300,Gorom-Gorom,BF,14.44,-0.24,85,11,89.24,16.49
301,San Quintin,MX,30.48,-115.95,28,64,52.92,6.49
302,Kalach-na-Donu,RU,48.69,43.53,0,92,6.8,11.18
303,Koutsouras,GR,35.03,25.95,17,61,59.0,7.0
304,Atbasar,KZ,51.8,68.33,0,87,-9.44,6.67
305,Bireun,ID,5.2,96.7,68,97,68.0,0.94
306,Isangel,VU,-19.55,169.27,100,88,79.86,20.42
307,Koslan,RU,63.46,48.9,100,93,33.73,14.83
308,Santa Rosa,PH,14.31,121.11,20,73,77.0,4.7
309,Qui Nhon,VN,13.77,109.23,93,94,69.31,3.18
310,Mozarlandia,BR,-14.74,-50.57,76,73,79.75,6.6
311,Oktyabrskiy,RU,54.48,53.47,100,92,12.42,10.67
312,Mvuma,ZW,-19.28,30.53,87,75,72.7,9.64
313,Rafaela,AR,-31.25,-61.49,0,39,77.0,4.0
314,Pacific Grove,US,36.62,-121.92,1,64,50.0,4.7
315,Warmbad,NA,-28.45,18.73,0,12,93.94,9.24
316,Upington,ZA,-28.45,21.26,40,19,95.0,4.7
317,Nouadhibou,MR,20.93,-17.03,0,20,84.2,11.41
318,Faanui,PF,-16.48,-151.75,75,80,82.13,17.43
319,Omsukchan,RU,62.53,155.8,0,48,-16.85,4.74
320,Kyra,RU,49.58,111.98,0,78,12.63,2.73
321,Kavaratti,IN,10.57,72.64,33,68,80.89,7.38
322,Vardo,NO,70.37,31.11,75,96,33.8,20.8
323,Debre Sina,ET,9.85,39.77,0,32,82.56,11.01
324,Taldan,RU,53.67,124.8,100,97,1.58,4.43
325,Concordia,AR,-31.39,-58.02,0,60,73.4,11.41
326,High Level,CA,58.52,-117.14,20,85,19.4,2.24
327,Mirpur Sakro,PK,24.55,67.63,0,24,68.0,5.82
328,Buraidah,SA,26.33,43.98,0,54,55.4,6.93
329,Nara,JP,34.69,135.8,40,82,42.8,17.22
330,Sao Jose da Coroa Grande,BR,-8.9,-35.15,81,77,82.49,10.02
331,Sa Kaeo,TH,13.81,102.07,84,47,80.2,10.85
332,Orbetello,IT,42.44,11.22,90,100,62.6,18.34
333,Cairns,AU,-16.92,145.77,75,78,82.4,5.82
334,Merauke,ID,-8.47,140.33,86,94,77.59,6.93
335,Matay,EG,28.42,30.78,0,41,57.96,17.92
336,Velyka Lepetykha,UA,47.18,33.94,45,76,29.43,15.99
337,Fairbanks,US,64.84,-147.72,90,77,-0.99,5.82
338,Ostrovnoy,RU,68.05,39.51,100,85,32.23,25.34
339,Poum,NC,-20.23,164.02,100,86,80.85,42.19
340,Nuuk,GL,64.18,-51.72,40,51,12.2,14.99
341,Khatra,IN,22.98,86.85,23,23,66.4,1.48
342,Belyy Yar,RU,53.6,91.39,40,73,19.4,13.42
343,Vila,PT,42.03,-8.16,90,93,57.99,8.05
344,Guane,CU,22.2,-84.09,89,76,78.13,22.35
345,Torbay,CA,47.67,-52.73,90,62,28.99,24.16
346,Portland,US,45.52,-122.68,90,86,41.0,0.27
347,Vila Velha,BR,-20.33,-40.29,100,59,90.0,5.82
348,Bariloche,AR,-41.15,-71.31,20,44,75.2,3.36
349,Chambersburg,US,39.94,-77.66,75,81,46.4,13.87
350,Kolokani,ML,13.57,-8.03,68,6,95.11,9.73
351,Acarau,BR,-2.89,-40.12,53,70,86.0,9.66
352,Zolotyy Potik,UA,48.91,25.34,75,81,42.8,6.71
353,Darhan,MN,49.49,105.92,0,72,21.15,8.21
354,Tarko-Sale,RU,64.92,77.78,53,82,-9.0,8.25
355,Chilliwack,CA,49.17,-121.94,20,100,35.01,3.36
356,Sur,OM,22.57,59.53,10,57,71.04,10.13
357,Ozinki,RU,51.18,49.68,88,85,16.18,15.97
358,Port Keats,AU,-14.25,129.55,100,84,84.24,9.04
359,Kruisfontein,ZA,-34.0,24.73,24,62,74.88,18.23
360,Ararangua,BR,-28.93,-49.49,11,56,76.08,9.06
361,Longyearbyen,SJ,78.22,15.64,40,55,10.4,23.04
362,Avanuorri,NO,71.0,24.66,90,86,33.8,12.75
363,Marmari,GR,38.05,24.32,20,58,59.0,10.29
364,Novoseleznevo,RU,55.68,69.21,58,90,-0.99,12.86
365,Grass Valley,US,39.22,-121.06,1,14,48.99,3.36
366,Galle,LK,6.04,80.22,1,74,80.76,5.86
367,Dingle,PH,11.0,122.67,76,86,71.53,12.95
368,Goderich,CA,43.75,-81.72,93,86,35.01,11.01
369,Blackpool,GB,53.82,-3.05,75,70,44.6,35.57
370,Barcelos,PT,41.54,-8.62,75,93,61.0,6.93
371,Lubango,AO,-14.92,13.49,75,77,66.2,6.93
372,Vieux Fort,LC,13.72,-60.95,20,66,84.2,24.16
373,Tulsipur,NP,28.13,82.3,0,68,50.65,4.21
374,Guerrero Negro,MX,27.98,-114.06,97,71,59.11,13.51
375,Sari,IR,36.56,53.06,90,93,41.0,4.7
376,Vetluzhskiy,RU,58.39,45.47,100,91,29.89,13.4
377,Carndonagh,IE,55.25,-7.27,75,75,41.0,26.4
378,Kamaishi,JP,39.27,141.88,97,68,28.58,7.65
379,Aswan,EG,24.09,32.91,0,23,63.12,18.72
380,Philadelphia,US,39.95,-75.16,90,75,46.99,12.75
381,Selty,RU,57.31,52.13,100,94,23.49,8.28
382,Sao Desiderio,BR,-12.36,-44.97,100,59,84.04,4.18
383,Cherskiy,RU,68.75,161.3,0,56,-17.21,9.93
384,San Jose,US,37.34,-121.89,1,43,55.99,4.7
385,Terra Santa,BR,-2.1,-56.49,17,78,82.78,4.14
386,Takaka,NZ,-40.85,172.8,0,92,57.0,1.99
387,Manokwari,ID,-0.87,134.08,97,78,75.43,6.71
388,Cutler Bay,US,25.58,-80.34,90,65,80.01,13.87
389,Vanavara,RU,60.34,102.28,90,94,-3.42,8.48
390,Cidreira,BR,-30.18,-50.21,41,57,72.82,5.44
391,Sept-Iles,CA,50.2,-66.38,75,72,17.6,3.42
392,Kpandu,GH,7.0,0.29,49,20,100.09,1.7
393,Bangkalan,ID,-7.05,112.74,54,90,77.27,3.18
394,Palmer,US,42.16,-72.33,90,93,43.0,8.05
395,Bambanglipuro,ID,-7.95,110.28,100,88,75.54,3.2
396,Kalakamati,BW,-20.59,27.31,75,88,71.6,14.99
397,Tatvan,TR,38.51,42.28,100,91,9.23,11.95
398,Qaqortoq,GL,60.72,-46.03,20,47,12.2,5.82
399,Omboue,GA,-1.57,9.26,58,82,83.37,5.93
400,Verkhnyaya Inta,RU,65.98,60.31,100,89,20.08,13.44
401,Dauphin,CA,51.15,-100.05,90,85,17.6,10.29
402,Vizinga,RU,61.07,50.1,100,90,32.47,13.24
403,Ahmadpur,IN,18.7,76.93,43,48,76.44,9.78
404,Maltahohe,NA,-24.83,16.98,0,10,89.44,2.59
405,Tahta,EG,26.77,31.5,0,36,60.8,14.99
406,Kapit,MY,2.02,112.93,100,99,71.4,0.38
407,Mange,SL,8.92,-12.85,26,28,97.23,8.52
408,Shaunavon,CA,49.65,-108.42,95,89,18.5,15.73
409,Thurso,GB,58.59,-3.53,20,66,39.2,21.92
410,Kipini,KE,-2.53,40.53,100,73,82.51,13.24
411,Uglovskoye,RU,51.36,80.19,100,95,5.99,5.26
412,Realeza,BR,-25.77,-53.53,6,78,80.46,3.09
413,Poli,TZ,-3.33,36.8,40,37,89.6,4.7
414,Dwarka,IN,22.24,68.97,0,54,74.46,11.52
415,Santa Cruz de la Sierra,BO,-17.8,-63.17,75,94,75.2,9.17
416,Vagur,FO,61.47,-6.81,39,62,42.01,16.26
417,Korla,CN,41.76,86.15,0,81,33.01,3.0
418,Tevriz,RU,57.51,72.4,21,91,1.26,8.97
419,Magangue,CO,9.24,-74.75,0,43,89.91,4.79
420,Sao Filipe,CV,14.9,-24.5,0,57,74.07,17.47
421,Pandegelang,ID,-6.31,106.11,40,78,80.6,8.05
422,Kiunga,PG,-6.12,141.29,100,98,74.68,2.24
423,Alzamay,RU,55.56,98.66,98,91,13.46,6.64
424,Cockburn Town,TC,21.46,-71.14,40,69,82.4,16.11
425,Medvedevo,RU,56.63,47.8,100,92,24.8,20.13
426,Ola,RU,59.58,151.28,10,64,-6.66,7.54
427,Vila Franca do Campo,PT,37.72,-25.43,20,82,62.6,6.93
428,Hirado,JP,33.36,129.55,90,57,51.8,9.17
429,Los Llanos de Aridane,ES,28.66,-17.92,75,64,69.8,11.41
430,Kismayo,SO,-0.36,42.55,53,76,81.88,17.78
431,Orlovskiy,RU,46.87,42.06,0,44,25.41,6.93
432,Ixtapa,MX,20.7,-105.2,40,83,77.0,3.4
433,Kiryat Gat,IL,31.61,34.76,40,71,51.8,6.93
434,Dillon,US,34.42,-79.37,90,67,69.01,3.36
435,Usinsk,RU,65.99,57.53,100,92,24.21,22.95
436,Barabai,ID,-2.58,115.38,74,88,73.67,2.21
437,Beaverlodge,CA,55.22,-119.44,20,67,19.4,2.24
438,Kirov,RU,58.6,49.66,100,93,27.63,13.09
439,Ulladulla,AU,-35.35,150.47,90,100,71.6,4.16
440,Carberry,CA,49.87,-99.36,90,79,21.2,17.22
441,Sandpoint,US,48.28,-116.55,90,100,28.4,5.37
442,Sinjar,IQ,36.32,41.88,94,61,28.87,3.78
443,Arlit,NE,18.74,7.39,0,8,91.44,6.89
444,Manyana,BW,-23.4,21.72,65,33,84.65,13.11
445,Emporia,US,38.4,-96.18,1,74,32.0,9.17
446,Ha Giang,VN,22.83,104.98,100,97,51.28,2.35
447,Lencois Paulista,BR,-22.6,-48.8,90,88,71.6,5.82
448,Loma Bonita,PA,8.38,-80.17,0,46,89.6,6.93
449,Nawa,IN,27.02,75.0,0,28,57.02,3.83
450,Naze,JP,28.37,129.48,75,51,60.8,10.29
451,Springbok,ZA,-29.66,17.89,0,31,84.29,20.11
452,Trincomalee,LK,8.57,81.23,3,92,72.36,3.02
453,Mustafakemalpasa,TR,40.04,28.41,0,61,50.0,10.29
454,Pochutla,MX,15.74,-96.47,5,69,80.6,4.97
455,Kupang,ID,-10.17,123.58,75,100,75.2,3.36
456,De-Kastri,RU,51.47,140.78,0,89,2.03,4.68
457,Rosita,NI,13.93,-84.4,85,87,75.02,3.56
458,Olinda,BR,-8.01,-34.86,40,66,89.6,9.17
459,Sayyan,YE,15.17,44.32,10,50,67.51,6.08
460,Bluffton,US,32.24,-80.86,1,68,71.01,11.41
461,Pangnirtung,CA,66.15,-65.71,5,67,-23.8,1.95
462,Le Port,RE,-20.94,55.29,75,74,80.6,8.05
463,Kuytun,RU,54.34,101.5,45,89,24.8,10.67
464,Naples,IT,40.83,14.25,75,76,57.2,10.29
465,Harper,LR,4.38,-7.72,48,78,83.68,5.59
466,Kemin,KG,42.78,75.69,100,97,32.5,4.12
467,Hamilton,US,39.18,-84.53,90,93,48.2,8.05
468,Puerto Baquerizo Moreno,EC,-0.9,-89.6,32,87,78.49,15.14
469,Margate,GB,51.38,1.39,20,66,48.99,18.34
470,Cheney,US,47.49,-117.58,1,86,30.2,4.23
471,Nar'yan-Mar,RU,67.67,53.09,100,96,31.03,20.83
472,Linxi,CN,39.7,118.43,0,66,26.01,3.31
473,Batticaloa,LK,7.71,81.69,78,93,72.41,2.75
474,Maumere,ID,-8.62,122.21,100,89,76.26,6.22
475,Lewisporte,CA,49.25,-55.05,90,67,23.0,19.46
476,Bunia,CD,1.57,30.25,0,35,86.85,4.38
477,Erenhot,CN,43.65,111.98,0,54,27.88,18.92
478,Tommot,RU,58.96,126.29,100,92,3.29,4.32
479,Nelson Bay,AU,-32.72,152.15,90,94,69.8,6.93
480,San Fernando,PH,15.03,120.69,75,74,80.6,6.93
481,Chokurdakh,RU,70.63,147.92,97,60,-22.97,0.58
482,Ucluelet,CA,48.93,-125.55,75,100,36.0,3.06
483,Kutum,SD,14.2,24.67,61,11,71.44,15.86
484,Mirny,RU,62.54,113.96,40,84,3.2,6.71
485,Luau,AO,-10.71,22.22,95,90,74.19,0.63
486,Homer,US,59.64,-151.55,1,63,30.2,13.87
487,Port-Gentil,GA,-0.72,8.78,40,74,87.8,9.17
488,Semporna,MY,4.48,118.61,75,94,75.2,1.72
489,Irbit,RU,57.67,63.07,75,90,9.95,9.48
490,Tessalit,ML,20.2,1.01,100,23,76.64,9.37
491,El Alto,PE,-4.27,-81.21,26,100,62.6,14.99
492,Kungurtug,RU,50.6,97.52,100,72,17.85,4.36
493,Geraldton,AU,-28.77,114.6,0,78,73.4,13.87
494,Festus,US,38.22,-90.4,90,100,34.0,6.93
495,Oktyabrskoye,RU,43.06,44.74,20,84,1.4,4.47
496,Baharly,TM,38.44,57.43,100,68,40.59,7.83
497,Ust'-Kut,RU,56.79,105.77,99,96,19.62,5.57
498,Bandarbeyla,SO,9.49,50.81,0,72,76.51,17.07
499,Puerto Leguizamo,CO,-0.19,-74.78,41,35,90.32,6.76
500,Riverton,US,40.52,-111.94,1,92,28.0,1.45
501,Rio Cuarto,AR,-33.13,-64.35,40,73,69.8,19.46
502,Biak,ID,-0.91,122.88,84,58,82.67,8.84
503,Vostok,RU,46.49,135.88,0,89,-8.16,3.65
504,Iqaluit,CA,63.75,-68.51,75,67,-23.01,4.7
505,Libertador General San Martin,AR,-23.81,-64.79,100,99,64.31,1.9
506,Acajutla,SV,13.59,-89.83,0,51,80.6,3.36
507,Tiznit,MA,29.58,-9.5,0,17,71.04,17.25
508,Mayumba,GA,-3.43,10.66,47,74,83.21,8.48
509,Makurdi,NG,7.74,8.51,0,9,101.41,10.85
510,Hereford,GB,52.06,-2.71,40,93,46.0,13.87
511,Baturaja,ID,-4.13,104.17,18,94,73.35,2.26
512,Ust-Maya,RU,60.42,134.53,19,83,-4.32,8.37
513,Oyama,JP,36.3,139.8,20,80,45.0,1.12
514,Zadar,HR,44.12,15.24,90,76,55.0,17.22
515,Monterey,US,36.25,-121.25,1,59,48.99,2.98
516,Biltine,TD,14.53,20.92,44,8,83.64,18.79
517,Gabu,GW,12.28,-14.22,0,5,103.32,4.97
518,Hoi An,VN,15.88,108.33,75,94,69.8,2.24
519,Jiuquan,CN,39.74,98.52,0,15,27.61,3.62
520,Tarauaca,BR,-8.16,-70.77,96,81,81.1,2.33
521,Baykit,RU,61.67,96.37,93,90,-9.31,6.29
522,Lambayeque,PE,-6.7,-79.91,20,29,66.2,10.29
523,Leshukonskoye,RU,64.9,45.76,100,84,33.3,15.84
524,North Bend,US,43.41,-124.22,1,100,36.0,3.67
525,Savannah Bight,HN,16.45,-85.85,20,78,79.29,17.4
526,Nome,US,64.5,-165.41,40,69,-13.0,10.29
527,Kharitonovo,RU,61.4,47.5,100,91,27.55,12.3
528,Troitsk,RU,54.1,61.58,84,85,13.55,12.24
529,Chany,RU,55.31,76.76,0,92,-6.79,7.61
530,Klaksvik,FO,62.23,-6.59,33,63,33.8,4.7
531,Peniche,PT,39.36,-9.38,75,87,64.0,4.7
532,Epe,NG,6.58,3.98,30,60,88.07,13.13
533,Marrakesh,MA,31.63,-8.01,2,21,78.8,5.82
534,Urumqi,CN,43.8,87.6,56,73,23.0,4.47
535,Bitkine,TD,11.98,18.21,0,10,94.21,13.4
536,Ios,GR,36.73,25.28,40,58,57.2,11.41
537,Labuhan,ID,-6.88,112.21,100,93,76.17,3.15
538,Lagoa,PT,39.05,-27.98,100,81,62.22,11.23
539,Dimona,IL,31.07,35.03,61,75,46.99,14.97
540,Raudeberg,NO,61.99,5.14,75,80,39.2,18.34
541,Codrington,AU,-38.27,141.97,100,86,66.7,4.47
542,Chimbote,PE,-9.09,-78.58,100,59,78.94,6.58
543,Ketchikan,US,55.34,-131.65,90,93,41.0,10.29
544,Lastoursville,GA,-0.81,12.73,46,41,92.93,4.45
545,Salinopolis,BR,-0.61,-47.36,0,75,81.48,8.48
546,Turukhansk,RU,65.82,87.98,100,98,-20.16,6.22
547,Chapais,CA,49.78,-74.85,90,85,19.4,6.93
548,Excelsior Springs,US,39.34,-94.23,1,79,30.99,3.36
549,Vestmannaeyjar,IS,63.44,-20.27,75,73,32.0,28.86
550,Kampene,CD,-3.6,26.67,91,63,84.16,3.69
551,Strezhevoy,RU,60.73,77.59,90,84,8.6,11.18
552,Languyan,PH,5.26,120.08,98,81,81.07,16.22
553,Abu Samrah,SY,35.3,37.18,99,29,33.84,14.52
554,Ghanzi,BW,-21.57,21.78,90,31,88.84,7.58
555,Capinopolis,BR,-18.68,-49.57,100,88,73.45,8.95
556,Mariental,NA,-24.63,17.97,0,10,94.86,5.1
557,Santa Maria,BR,-29.68,-53.81,75,61,77.0,11.41
558,Marsabit,KE,2.33,37.99,0,31,87.98,11.43
559,Tashla,RU,51.77,52.74,100,91,14.13,14.43
560,Comodoro Rivadavia,AR,-45.87,-67.5,6,60,69.8,6.93
561,Ainazi,LV,57.86,24.36,100,86,40.96,21.74
562,Burnie,AU,-41.07,145.92,100,91,64.99,11.01
563,Zyryanka,RU,65.75,150.85,100,64,-19.05,9.06
564,Qixingtai,CN,30.41,111.89,100,87,46.99,7.81
565,Padang,ID,-0.95,100.35,100,96,69.33,3.53
566,Porto-Novo,BJ,6.5,2.6,40,74,87.8,8.05
567,Sola,VU,-13.88,167.55,100,83,83.89,17.74
568,Valera,VE,9.32,-70.6,16,48,83.73,5.23
569,Opuwo,NA,-18.06,13.84,0,10,91.53,14.74
570,Lardos,GR,36.09,28.02,20,58,55.4,13.87
571,Roald,NO,62.58,6.13,75,93,37.99,6.93
572,Tibati,CM,6.47,12.63,0,12,95.4,12.44
573,Santiago del Estero,AR,-27.8,-64.26,100,79,65.5,3.4
574,Jiayuguan,CN,39.82,98.3,0,19,33.26,8.21
575,Batagay-Alyta,RU,67.8,130.41,18,96,-29.81,3.47
576,Paso de los Toros,UY,-32.82,-56.52,75,49,71.6,8.05
